{"route_0": {"init_lane": 5, "target_lane": 3, "init_x": 4.1643025041837545, "init_y": 3.493023063144889, "init_yaw": 0.18436388428089168, "noi_target_x": 4.1643025041837545, "noi_target_y": 1.9730230631448888, "ref_target_x": 4.1643025041837545, "ref_target_y": 1.9000000000000004, "noi_waypoints": [[5.228532436698595, 3.382241602429629], [5.788512230699423, 3.1774268064907467], [5.844241886186219, 2.8785786753282396], [5.395721403158997, 2.4856972089421103], [4.442950781617752, 1.9987824073323566]], "ref_waypoints": [[5.532150371812158, 3.174418450515911], [6.216074305626368, 2.8558138378869335], [6.216074305626368, 2.5372092252579557], [5.532150371812158, 2.218604612628978], [4.1643025041837545, 1.9000000000000004]]}, "route_1": {"init_lane": 5, "target_lane": 3, "init_x": 4.8472032894242245, "init_y": 3.440449931292804, "init_yaw": 0.0828993578506963, "noi_target_x": 4.8472032894242245, "noi_target_y": 1.9204499312928038, "ref_target_x": 4.8472032894242245, "ref_target_y": 1.9000000000000004, "noi_waypoints": [[5.143661062470833, 3.160034954112685], [5.304476223703978, 2.868349461545386], [5.329648773123663, 2.5653934535909086], [5.219178710729883, 2.2511669302492514], [4.973066036522644, 1.9256698915204151]], "ref_waypoints": [[5.210163392837332, 3.132359945034243], [5.391643444543886, 2.8242699587756825], [5.391643444543886, 2.5161799725171217], [5.210163392837333, 2.2080899862585612], [4.8472032894242245, 1.9000000000000004]]}}