{"route_0": {"init_lane": 2, "target_lane": 5, "init_x": 4.975345434295328, "init_y": 1.1963099163628612, "init_yaw": 0.174533, "ref_target_x": 4.975345434295328, "ref_target_y": 3.42, "noi_waypoints": [[5.576995140489039, 1.5339143094666083], [6.352800214544995, 2.133744276755135], [6.194433009331025, 3.0318889356563146], [5.5472405921700165, 3.2650473067306764], [4.579427421260401, 3.4416715636158104]], "ref_waypoints": [[5.6264791342417615, 1.418678924726575], [6.4946574008370055, 1.8634169414540027], [6.494657400837007, 2.752892974908858], [5.897784842552777, 3.086446487454429], [4.975345434295328, 3.42], [4.575345434295327, 3.42], [4.375345434295328, 3.42]], "noi_target_x": 4.579427421260401, "noi_target_y": 3.4416715636158104}, "route_1": {"init_lane": 4, "target_lane": 1, "init_x": 4.924996780339596, "init_y": 2.620592480281735, "init_yaw": 0.174533, "ref_target_x": 4.924996780339596, "ref_target_y": 0.38, "noi_waypoints": [[5.5430987102283495, 2.498063304457437], [6.3936291509490175, 2.1850002935415107], [6.551996356162988, 1.2868556346403313], [6.08108310691507, 0.8565449810598078], [5.320914793374523, 0.3752308330287861]], "ref_waypoints": [[5.512431367898401, 2.3965332322535615], [6.295677484643474, 1.9484147361972144], [6.295677484643473, 1.0521777440845204], [5.757195779381236, 0.7160888720422601], [4.924996780339596, 0.38], [4.524996780339595, 0.38], [4.324996780339596, 0.38]], "noi_target_x": 5.320914793374523, "noi_target_y": 0.3752308330287861}, "route_2": {"init_lane": 4, "target_lane": 2, "init_x": 4.954701186414105, "init_y": 2.7444648855170595, "init_yaw": 0.174533, "ref_target_x": 4.954701186414105, "ref_target_y": 1.1400000000000001, "noi_waypoints": [[5.6439339596895675, 2.7116504255496103], [6.580507346858392, 2.568103961270657], [6.6860854836677, 1.9693408553365366], [6.118075565820829, 1.6376680671381687], [5.2186465284373895, 1.2475571206817604]], "ref_waypoints": [[5.627764782621725, 2.5840183969653534], [6.525182910898545, 2.2631254198619417], [6.525182910898547, 1.6213394656551179], [5.908207947708231, 1.380669732827559], [4.954701186414105, 1.1400000000000001], [4.554701186414104, 1.1400000000000001], [4.354701186414105, 1.1400000000000001]], "noi_target_x": 5.2186465284373895, "noi_target_y": 1.2475571206817604}, "route_3": {"init_lane": 3, "target_lane": 5, "init_x": 4.8265111040563795, "init_y": 1.9235909773682827, "init_yaw": 0.174533, "ref_target_x": 4.8265111040563795, "ref_target_y": 3.42, "noi_waypoints": [[5.412472574181766, 2.181256686442315], [6.176158178214056, 2.6246048161967095], [6.070580041404735, 3.2233679221308282], [5.469661902800848, 3.3489270653148315], [4.5625657620330955, 3.4204987422035815]], "ref_waypoints": [[5.448313694999932, 2.0732318796314546], [6.277383816258006, 2.372513684157798], [6.277383816258002, 2.971077293210485], [5.707398107893074, 3.1955386466052427], [4.8265111040563795, 3.42], [4.426511104056379, 3.42], [4.22651110405638, 3.42]], "noi_target_x": 4.5625657620330955, "noi_target_y": 3.4204987422035815}, "route_4": {"init_lane": 3, "target_lane": 5, "init_x": 4.900760582139259, "init_y": 1.8438793670431144, "init_yaw": 0.174533, "ref_target_x": 4.900760582139259, "ref_target_y": 3.42, "noi_waypoints": [[5.465670986704352, 2.0978332036626153], [6.201288503322921, 2.5362321701443022], [6.095710366513607, 3.134995276078422], [5.514089038006647, 3.26395696901241], [4.636815240115974, 3.3407871318784137]], "ref_waypoints": [[5.501187360622417, 2.001491430338803], [6.301756398599963, 2.31671555693018], [6.301756398599956, 2.9471638101129343], [5.751365184990398, 3.1835819050564673], [4.900760582139259, 3.42], [4.500760582139258, 3.42], [4.300760582139259, 3.42]], "noi_target_x": 4.636815240115974, "noi_target_y": 3.3407871318784137}, "route_5": {"init_lane": 6, "target_lane": 4, "init_x": 4.83003908071566, "init_y": 4.336347644932001, "init_yaw": 0.174533, "ref_target_x": 4.83003908071566, "ref_target_y": 2.66, "noi_waypoints": [[5.540002353132306, 4.3071885328855615], [6.5042164058227385, 4.1685158658346255], [6.609794542632059, 3.5697527599005068], [6.022781667239087, 3.2347292361078783], [5.093984422738945, 2.839439880096702]], "ref_waypoints": [[5.52415297770656, 4.168712880438801], [6.449638173694449, 3.833443351452401], [6.449638173694442, 3.162904293479601], [5.81336710145278, 2.9114521467398005], [4.83003908071566, 2.66], [4.43003908071566, 2.66], [4.2300390807156605, 2.66]], "noi_target_x": 5.093984422738945, "noi_target_y": 2.839439880096702}, "route_6": {"init_lane": 4, "target_lane": 6, "init_x": 4.8827902056219195, "init_y": 2.713228017883905, "init_yaw": 0.174533, "ref_target_x": 4.8827902056219195, "ref_target_y": 4.180000000000001, "noi_waypoints": [[5.441871743672903, 2.9661540676204616], [6.169717438272656, 3.403182651591556], [6.064139301463342, 4.001945757525676], [5.487861100594319, 4.131849588435697], [4.618844863598635, 4.210135782719203]], "ref_waypoints": [[5.477298197851461, 2.8599052160955147], [6.269975520824168, 3.1532596125187338], [6.269975520824168, 3.739968405365172], [5.7250098612804265, 3.959984202682586], [4.8827902056219195, 4.180000000000001], [4.482790205621919, 4.180000000000001], [4.28279020562192, 4.180000000000001]], "noi_target_x": 4.618844863598635, "noi_target_y": 4.210135782719203}, "route_7": {"init_lane": 2, "target_lane": 5, "init_x": 4.853207060775942, "init_y": 0.9711223596175358, "init_yaw": 0.174533, "ref_target_x": 4.853207060775942, "ref_target_y": 3.42, "noi_waypoints": [[5.494116740191244, 1.3156493482901142], [6.322268445209318, 1.9247094430037481], [6.163901239995348, 2.822854101904928], [5.480720514047877, 3.049666760374527], [4.457289047741015, 3.216484006870485]], "ref_waypoints": [[5.544206382839302, 1.216010123655782], [6.4655388122571145, 1.705785651732275], [6.465538812257113, 2.6853367078852606], [5.832122767032366, 3.05266835394263], [4.853207060775942, 3.42], [4.4532070607759415, 3.42], [4.253207060775942, 3.42]], "noi_target_x": 4.457289047741015, "noi_target_y": 3.216484006870485}, "route_8": {"init_lane": 4, "target_lane": 1, "init_x": 4.911032232647316, "init_y": 2.7808061201583025, "init_yaw": 0.174533, "ref_target_x": 4.911032232647316, "ref_target_y": 0.38, "noi_waypoints": [[5.5809755307893445, 2.6674179802722287], [6.500627795847709, 2.366543017273933], [6.658995001061678, 1.4683983583727533], [6.140560497581594, 1.0297084218488584], [5.306950245682243, 0.5354444729053536]], "ref_waypoints": [[5.551107925821366, 2.5407255081424722], [6.404542183386766, 2.0605642841108116], [6.404542183386766, 1.1002418360474906], [5.8178061313105545, 0.7401209180237452], [4.911032232647316, 0.38], [4.511032232647316, 0.38], [4.3110322326473165, 0.38]], "noi_target_x": 5.306950245682243, "noi_target_y": 0.5354444729053536}, "route_9": {"init_lane": 3, "target_lane": 1, "init_x": 4.988556439075004, "init_y": 2.0560534756556756, "init_yaw": 0.174533, "ref_target_x": 4.988556439075004, "ref_target_y": 0.38, "noi_waypoints": [[5.608274876093384, 2.0109817572986857], [6.452162481586108, 1.8510922818336781], [6.557740618395423, 1.2523291758995585], [6.053452175450868, 0.9318922078916025], [5.252501781098289, 0.5591457108203766]], "ref_waypoints": [[5.591033327408621, 1.888448128090108], [6.394335845186773, 1.5532374329589729], [6.394335845186773, 0.8828160426967026], [5.8420653642142915, 0.6314080213483512], [4.988556439075004, 0.38], [4.5885564390750035, 0.38], [4.388556439075004, 0.38]], "noi_target_x": 5.252501781098289, "noi_target_y": 0.5591457108203766}}