{"route_0": {"init_lane": 6, "target_lane": 3, "init_x": 4.639195390848495, "init_y": 4.278490213001319, "init_yaw": -0.24513399485808043, "noi_target_x": 4.639195390848495, "noi_target_y": 1.9984902130013191, "ref_target_x": 4.639195390848495, "ref_target_y": 1.9000000000000004, "noi_waypoints": [[5.583498460066745, 3.5722062913978623], [6.000317514622429, 2.9978804327845268], [5.88965255451555, 2.5555126371613106], [5.251503579746105, 2.2451029045282165], [4.085870590314099, 2.066651234885242]], "ref_waypoints": [[6.089166587160456, 3.8027921704010557], [6.814152185316431, 3.327094127800792], [6.814152185316427, 2.851396085200528], [6.089166587160449, 2.375698042600264], [4.639195390848495, 1.9000000000000004]]}, "route_1": {"init_lane": 3, "target_lane": 6, "init_x": 4.94370548420828, "init_y": 1.8527649738014196, "init_yaw": 0.20124062587237662, "noi_target_x": 4.94370548420828, "noi_target_y": 4.13276497380142, "ref_target_x": 4.94370548420828, "ref_target_y": 4.180000000000001, "noi_waypoints": [[4.994810157250813, 2.328582339151141], [4.974788697003797, 2.7898898334793394], [4.883641103467236, 3.236687456786015], [4.721367376641129, 3.6689752090711676], [4.487967516525475, 4.086753090334797]], "ref_waypoints": [[5.137281666283723, 2.318211979041136], [5.2340697573214445, 2.783658984280852], [5.2340697573214445, 3.2491059895205683], [5.137281666283723, 3.714552994760284], [4.94370548420828, 4.180000000000001]]}}