{"route_0": {"init_lane": 6, "target_lane": 4, "init_x": 1.2892649611906801, "init_y": 4.299105766781384, "init_yaw": 0.022717393572709577, "ref_init_x": 1.2892649611906801, "ref_init_y": 4.180000000000001, "ref_target_x": 1.2892649611906801, "ref_target_y": 2.66, "noi_waypoints": [[5.0, 3.04], [1, 2.2800000000000002]], "ref_waypoints": [[3.0, 4.180000000000001], [3.5, 4.180000000000001], [4.0, 4.180000000000001], [4.5, 4.180000000000001], [5.0, 4.180000000000001], [5.171010071662835, 4.134166391797291], [5.32139380484327, 4.002193776770424], [5.43301270189222, 3.8000000000000007], [5.492403876506104, 3.5519726150268673], [5.4924038765061045, 3.2880273849731334], [5.43301270189222, 3.0400000000000005], [5.32139380484327, 2.837806223229577], [5.171010071662835, 2.70583360820271], [5.0, 2.66], [4.5, 2.66], [4.0, 2.66], [3.5, 2.66], [3.0, 2.66], [2.5, 2.66], [2.0, 2.66], [1.5, 2.66]]}, "route_1": {"init_lane": 1, "target_lane": 3, "init_x": 1.4571778303816685, "init_y": 0.2877291169975601, "init_yaw": 0.00971108118360213, "ref_init_x": 1.4571778303816685, "ref_init_y": 0.38, "ref_target_x": 1.4571778303816685, "ref_target_y": 1.9000000000000004, "noi_waypoints": [[5.0, 2.2800000000000002], [1, 1.52]], "ref_waypoints": [[3.0, 0.38], [3.5, 0.38], [4.0, 0.38], [4.5, 0.38], [5.0, 0.3800000000000001], [5.171010071662835, 0.42583360820270977], [5.32139380484327, 0.5578062232295768], [5.43301270189222, 0.7600000000000003], [5.4924038765061045, 1.0080273849731332], [5.492403876506104, 1.2719726150268673], [5.43301270189222, 1.5200000000000002], [5.32139380484327, 1.7221937767704236], [5.171010071662835, 1.8541663917972904], [5.0, 1.9000000000000001], [4.5, 1.9000000000000004], [4.0, 1.9000000000000004], [3.5, 1.9000000000000004], [3.0, 1.9000000000000004], [2.5, 1.9000000000000004], [2.0, 1.9000000000000004], [1.5, 1.9000000000000004]]}, "route_2": {"init_lane": 6, "target_lane": 4, "init_x": 1.0520868114645767, "init_y": 4.220502701226021, "init_yaw": 0.024301716948601393, "ref_init_x": 1.0520868114645767, "ref_init_y": 4.180000000000001, "ref_target_x": 1.0520868114645767, "ref_target_y": 2.66, "noi_waypoints": [[5.0, 3.04], [1, 2.2800000000000002]], "ref_waypoints": [[3.0, 4.180000000000001], [3.5, 4.180000000000001], [4.0, 4.180000000000001], [4.5, 4.180000000000001], [5.0, 4.180000000000001], [5.171010071662835, 4.134166391797291], [5.32139380484327, 4.002193776770424], [5.43301270189222, 3.8000000000000007], [5.492403876506104, 3.5519726150268673], [5.4924038765061045, 3.2880273849731334], [5.43301270189222, 3.0400000000000005], [5.32139380484327, 2.837806223229577], [5.171010071662835, 2.70583360820271], [5.0, 2.66], [4.5, 2.66], [4.0, 2.66], [3.5, 2.66], [3.0, 2.66], [2.5, 2.66], [2.0, 2.66], [1.5, 2.66]]}, "route_3": {"init_lane": 1, "target_lane": 4, "init_x": 1.2333574068532362, "init_y": 0.4415431484243999, "init_yaw": -0.06582780313389314, "ref_init_x": 1.2333574068532362, "ref_init_y": 0.38, "ref_target_x": 1.2333574068532362, "ref_target_y": 2.66, "noi_waypoints": [[5.0, 3.04], [1, 2.2800000000000002]], "ref_waypoints": [[3.0, 0.38], [3.5, 0.38], [4.0, 0.38], [4.5, 0.38], [5.0, 0.3799999999999999], [5.171010071662835, 0.4487504123040644], [5.32139380484327, 0.646709334844365], [5.43301270189222, 0.9500000000000003], [5.4924038765061045, 1.3220410774596993], [5.492403876506104, 1.7179589225403007], [5.43301270189222, 2.0900000000000003], [5.32139380484327, 2.3932906651556354], [5.171010071662835, 2.591249587695936], [5.0, 2.66], [4.5, 2.66], [4.0, 2.66], [3.5, 2.66], [3.0, 2.66], [2.5, 2.66], [2.0, 2.66], [1.5, 2.66]]}, "route_4": {"init_lane": 2, "target_lane": 5, "init_x": 1.1966251069401714, "init_y": 1.0872090025870849, "init_yaw": -0.047529420570421435, "ref_init_x": 1.1966251069401714, "ref_init_y": 1.1400000000000001, "ref_target_x": 1.1966251069401714, "ref_target_y": 3.42, "noi_waypoints": [[5.0, 3.8], [1, 3.04]], "ref_waypoints": [[3.0, 1.1400000000000001], [3.5, 1.1400000000000001], [4.0, 1.1400000000000001], [4.5, 1.1400000000000001], [5.0, 1.1400000000000001], [5.171010071662835, 1.2087504123040647], [5.32139380484327, 1.4067093348443653], [5.43301270189222, 1.7100000000000004], [5.4924038765061045, 2.0820410774597], [5.492403876506104, 2.477958922540301], [5.43301270189222, 2.8500000000000005], [5.32139380484327, 3.1532906651556356], [5.171010071662835, 3.3512495876959356], [5.0, 3.4200000000000004], [4.5, 3.42], [4.0, 3.42], [3.5, 3.42], [3.0, 3.42], [2.5, 3.42], [2.0, 3.42], [1.5, 3.42]]}, "route_5": {"init_lane": 4, "target_lane": 2, "init_x": 1.4432601408879022, "init_y": 2.7030195081531403, "init_yaw": -0.010033791215643864, "ref_init_x": 1.4432601408879022, "ref_init_y": 2.66, "ref_target_x": 1.4432601408879022, "ref_target_y": 1.1400000000000001, "noi_waypoints": [[5.0, 1.52], [1, 0.76]], "ref_waypoints": [[3.0, 2.66], [3.5, 2.66], [4.0, 2.66], [4.5, 2.66], [5.0, 2.66], [5.171010071662835, 2.6141663917972906], [5.32139380484327, 2.4821937767704236], [5.43301270189222, 2.2800000000000002], [5.492403876506104, 2.0319726150268673], [5.4924038765061045, 1.7680273849731332], [5.43301270189222, 1.5200000000000005], [5.32139380484327, 1.3178062232295769], [5.171010071662835, 1.1858336082027097], [5.0, 1.1400000000000001], [4.5, 1.1400000000000001], [4.0, 1.1400000000000001], [3.5, 1.1400000000000001], [3.0, 1.1400000000000001], [2.5, 1.1400000000000001], [2.0, 1.1400000000000001], [1.5, 1.1400000000000001]]}, "route_6": {"init_lane": 1, "target_lane": 3, "init_x": 1.0946056937844715, "init_y": 0.36170965031840663, "init_yaw": -0.051754069013813755, "ref_init_x": 1.0946056937844715, "ref_init_y": 0.38, "ref_target_x": 1.0946056937844715, "ref_target_y": 1.9000000000000004, "noi_waypoints": [[5.0, 2.2800000000000002], [1, 1.52]], "ref_waypoints": [[3.0, 0.38], [3.5, 0.38], [4.0, 0.38], [4.5, 0.38], [5.0, 0.3800000000000001], [5.171010071662835, 0.42583360820270977], [5.32139380484327, 0.5578062232295768], [5.43301270189222, 0.7600000000000003], [5.4924038765061045, 1.0080273849731332], [5.492403876506104, 1.2719726150268673], [5.43301270189222, 1.5200000000000002], [5.32139380484327, 1.7221937767704236], [5.171010071662835, 1.8541663917972904], [5.0, 1.9000000000000001], [4.5, 1.9000000000000004], [4.0, 1.9000000000000004], [3.5, 1.9000000000000004], [3.0, 1.9000000000000004], [2.5, 1.9000000000000004], [2.0, 1.9000000000000004], [1.5, 1.9000000000000004]]}, "route_7": {"init_lane": 5, "target_lane": 3, "init_x": 1.0114263720773669, "init_y": 3.3777070889413614, "init_yaw": -0.07451687521273721, "ref_init_x": 1.0114263720773669, "ref_init_y": 3.42, "ref_target_x": 1.0114263720773669, "ref_target_y": 1.9000000000000004, "noi_waypoints": [[5.0, 2.2800000000000002], [1, 1.52]], "ref_waypoints": [[3.0, 3.42], [3.5, 3.42], [4.0, 3.42], [4.5, 3.42], [5.0, 3.42], [5.171010071662835, 3.3741663917972904], [5.32139380484327, 3.2421937767704234], [5.43301270189222, 3.04], [5.492403876506104, 2.791972615026867], [5.4924038765061045, 2.528027384973133], [5.43301270189222, 2.2800000000000002], [5.32139380484327, 2.077806223229577], [5.171010071662835, 1.94583360820271], [5.0, 1.9000000000000001], [4.5, 1.9000000000000004], [4.0, 1.9000000000000004], [3.5, 1.9000000000000004], [3.0, 1.9000000000000004], [2.5, 1.9000000000000004], [2.0, 1.9000000000000004], [1.5, 1.9000000000000004]]}, "route_8": {"init_lane": 1, "target_lane": 3, "init_x": 1.1363152671326526, "init_y": 0.29921697026703925, "init_yaw": -0.08567097417768153, "ref_init_x": 1.1363152671326526, "ref_init_y": 0.38, "ref_target_x": 1.1363152671326526, "ref_target_y": 1.9000000000000004, "noi_waypoints": [[5.0, 2.2800000000000002], [1, 1.52]],