{"route_0": {"init_lane": 4, "target_lane": 2, "init_x": 4.032817586926359, "init_y": 2.6352355667309935, "init_yaw": 0.25904984799119435, "noi_target_x": 4.032817586926359, "noi_target_y": 1.1152355667309934, "ref_target_x": 4.032817586926359, "ref_target_y": 1.1400000000000001, "noi_waypoints": [[4.4434110680854015, 2.4295511996181496], [4.687644465893125, 2.179780677325139], [4.7655177803495254, 1.8859239998519628], [4.677031011454605, 1.54798116719862], [4.422184159208364, 1.165952179365111]], "ref_waypoints": [[4.491757555200909, 2.336188453384795], [4.721227539338184, 2.037141340038596], [4.721227539338183, 1.7380942266923975], [4.491757555200909, 1.4390471133461988], [4.032817586926359, 1.1400000000000001]]}, "route_1": {"init_lane": 3, "target_lane": 6, "init_x": 4.374336984951896, "init_y": 1.912055035146342, "init_yaw": 0.02531680085105903, "noi_target_x": 4.374336984951896, "noi_target_y": 4.192055035146343, "ref_target_x": 4.374336984951896, "ref_target_y": 4.180000000000001, "noi_waypoints": [[5.067547948722025, 2.3857548429510054], [5.40838181660259, 2.85053168354969], [5.396838588593592, 3.3063855569423946], [5.032918264695029, 3.7533164631291203], [4.316620844906907, 4.191324402109867]], "ref_waypoints": [[5.314310458057775, 2.3656440281170736], [5.784297194610713, 2.8192330210878054], [5.784297194610713, 3.272822014058537], [5.314310458057775, 3.726411007029269], [4.374336984951896, 4.180000000000001]]}}