{"route_0": {"init_lane": 1, "target_lane": 4, "init_x": 4.534806960038189, "init_y": 0.44026829474012014, "init_yaw": 0.06751145526183783, "noi_target_x": 4.534806960038189, "noi_target_y": 2.72026829474012, "ref_target_x": 4.534806960038189, "ref_target_y": 2.66, "noi_waypoints": [[4.73541396389065, 0.9108733336828], [4.820336544085083, 1.3736564616610638], [4.789574700621486, 1.8286176786749115], [4.643128433499858, 2.275756984724342], [4.3809977427202025, 2.7150743798093573]], "ref_waypoints": [[4.844003115463195, 0.8842146357920961], [4.998601193175698, 1.3281609768440723], [4.998601193175698, 1.7721073178960485], [4.844003115463196, 2.216053658948024], [4.534806960038189, 2.66]]}, "route_1": {"init_lane": 4, "target_lane": 2, "init_x": 4.589270702407513, "init_y": 2.7115059633505454, "init_yaw": 0.0009133708438825994, "noi_target_x": 4.589270702407513, "noi_target_y": 1.1915059633505454, "ref_target_x": 4.589270702407513, "ref_target_y": 1.1400000000000001, "noi_waypoints": [[5.7811800403949425, 2.408594492085669], [6.37727354173763, 2.1051388198559446], [6.377551206435565, 1.8011389466613732], [5.782013034488747, 1.4965948725019544], [4.59065902589718, 1.1915065973776882]], "ref_waypoints": [[6.178113596203289, 2.3972047706804362], [6.972535043101175, 2.0829035780103275], [6.972535043101175, 1.7686023853402184], [6.178113596203287, 1.4543011926701093], [4.589270702407513, 1.1400000000000001]]}}