{"route_0": {"init_lane": 6, "target_lane": 4, "init_x": 4.735562767881287, "init_y": 4.042062314120703, "init_yaw": 0.1841926977201797, "noi_target_x": 4.735562767881287, "noi_target_y": 2.5220623141207033, "ref_target_x": 4.735562767881287, "ref_target_y": 2.66, "noi_waypoints": [[4.930349493490766, 3.7691211213068123], [5.0555821042388684, 3.483221691424035], [5.111260600125595, 3.1843640244723708], [5.097384981150945, 2.8725481204518197], [5.013955247314918, 2.5477739793623826]], "ref_waypoints": [[4.924231852475131, 3.765649851296563], [5.018566394772054, 3.489237388472422], [5.018566394772055, 3.2128249256482815], [4.924231852475131, 2.9364124628241406], [4.735562767881287, 2.66]]}, "route_1": {"init_lane": 4, "target_lane": 6, "init_x": 4.5998453467626215, "init_y": 2.791938996921928, "init_yaw": 0.0227253094917505, "noi_target_x": 4.5998453467626215, "noi_target_y": 4.311938996921928, "ref_target_x": 4.5998453467626215, "ref_target_y": 4.180000000000001, "noi_waypoints": [[4.756360779667458, 3.0995749867312368], [4.831164546387833, 3.405353733908471], [4.824256646923744, 3.709275238453632], [4.735637081275194, 4.011339500366718], [4.565305849442184, 4.311546519647731]], "ref_waypoints": [[4.817799400894696, 3.0695511975375425], [4.926776427960734, 3.347163398153157], [4.926776427960734, 3.6247755987687715], [4.817799400894694, 3.9023877993843863], [4.5998453467626215, 4.180000000000001]]}}