{"route_0": {"init_lane": 5, "target_lane": 2, "init_x": 4.226055726250292, "init_y": 3.557442526383307, "init_yaw": -0.13239274477328689, "noi_target_x": 4.226055726250292, "noi_target_y": 1.277442526383307, "ref_target_x": 4.226055726250292, "ref_target_y": 1.1400000000000001, "noi_waypoints": [[4.756989031201901, 3.0267114784119356], [4.992358241850837, 2.535341211123198], [4.932163358197096, 2.0833317245170955], [4.576404380240679, 1.6706830185936272], [3.925081307981585, 1.2973950933527933]], "ref_waypoints": [[5.0211849200436385, 3.073954021106646], [5.418749516940309, 2.590465515829984], [5.418749516940309, 2.1069770105533228], [5.021184920043637, 1.6234885052766614], [4.226055726250292, 1.1400000000000001]]}, "route_1": {"init_lane": 3, "target_lane": 1, "init_x": 4.5882455390581445, "init_y": 1.8830618779852262, "init_yaw": -0.010671136306592555, "noi_target_x": 4.5882455390581445, "noi_target_y": 0.36306187798522616, "ref_target_x": 4.5882455390581445, "ref_target_y": 0.38, "noi_waypoints": [[5.238412585724777, 1.572106283904655], [5.561874127123266, 1.2646371411416504], [5.558630163253611, 0.9606544496962125], [5.228680694115811, 0.6601582095683409], [4.572025719709868, 0.3631484207580362]], "ref_waypoints": [[5.459509826106915, 1.5824495023881808], [5.8951419696313, 1.2818371267911357], [5.8951419696313, 0.9812247511940905], [5.459509826106915, 0.6806123755970452], [4.5882455390581445, 0.38]]}}