{"route_0": {"init_lane": 4, "target_lane": 6, "init_x": 4.720596583256513, "init_y": 2.6181231484722667, "init_yaw": -0.11595596404521619, "noi_target_x": 4.720596583256513, "noi_target_y": 4.138123148472267, "ref_target_x": 4.720596583256513, "ref_target_y": 4.180000000000001, "noi_waypoints": [[5.6608386292355, 2.8146604556870574], [6.1485454876231005, 3.0639083740739275], [6.183717158419334, 3.365866903632874], [5.76635364162418, 3.7205360443639], [4.896454937237663, 4.127915796267003]], "ref_waypoints": [[5.935515706786219, 2.9304985187778136], [6.542975268551075, 3.24287388908336], [6.542975268551075, 3.555249259388907], [5.935515706786219, 3.867624629694454], [4.720596583256513, 4.180000000000001]]}, "route_1": {"init_lane": 1, "target_lane": 3, "init_x": 4.678308791857855, "init_y": 0.34315655956716273, "init_yaw": -0.1516294925043941, "noi_target_x": 4.678308791857855, "noi_target_y": 1.8631565595671629, "ref_target_x": 4.678308791857855, "ref_target_y": 1.9000000000000004, "noi_waypoints": [[5.571215740315514, 0.5142467885547436], [6.0406286820646695, 0.7500478941143918], [6.086547617105321, 1.050559876246107], [5.708972545437468, 1.41578273494989], [4.907903467061109, 1.8457164702257405]], "ref_waypoints": [[5.820734036722865, 0.6545252476537302], [6.39194665915537, 0.9658939357402977], [6.391946659155369, 1.2772626238268652], [5.820734036722866, 1.5886313119134328], [4.678308791857855, 1.9000000000000004]]}}