{"route_0": {"init_lane": 2, "target_lane": 4, "init_x": 4.619563449270657, "init_y": 1.139278212134324, "init_yaw": -0.12071949367238488, "noi_target_x": 4.619563449270657, "noi_target_y": 2.659278212134324, "ref_target_x": 4.619563449270657, "ref_target_y": 2.66, "noi_waypoints": [[4.859804855887157, 1.4163633385861858], [4.998230386552888, 1.7057996833122597], [5.034840041267849, 2.007587246312545], [4.9696338200320405, 2.3217260275870424], [4.802611722845463, 2.648216027135752]], "ref_waypoints": [[4.893062913430746, 1.4434225697074592], [5.029812645510791, 1.7475669272805945], [5.029812645510791, 2.0517112848537296], [4.893062913430747, 2.3558556424268646], [4.619563449270657, 2.66]]}, "route_1": {"init_lane": 2, "target_lane": 5, "init_x": 4.9216526615008735, "init_y": 1.2893401879154305, "init_yaw": -0.133147705414341, "noi_target_x": 4.9216526615008735, "noi_target_y": 3.5693401879154307, "ref_target_x": 4.9216526615008735, "ref_target_y": 3.42, "noi_waypoints": [[5.286295337270048, 1.7005720216583455], [5.4988847330739326, 2.132169895043579], [5.559420848912524, 2.5841338080711314], [5.46790368478582, 3.056463760741002], [5.224333240693826, 3.5491597530531918]], "ref_waypoints": [[5.330749014347354, 1.7154721503323445], [5.535297190770596, 2.141604112749258], [5.535297190770596, 2.567736075166172], [5.330749014347354, 2.993868037583086], [4.9216526615008735, 3.42]]}}